2023-09-28 22:00:01,18.773,23.190,55.992
2023-09-28 22:15:00,17.486,22.360,40.414
2023-09-28 22:30:01,17.155,30.562,76.944
2023-09-28 22:45:01,17.093,24.126,74.477
2023-09-28 23:00:01,17.274,22.711,76.682
2023-09-28 23:15:00,19.322,22.640,37.562
2023-09-28 23:30:01,19.679,21.635,36.466
2023-09-28 23:45:01,17.129,26.761,76.758
2023-09-29 00:00:02,19.806,21.695,38.927
2023-09-29 00:15:01,16.303,21.704,31.439
2023-09-29 00:30:01,17.181,21.589,30.797
2023-09-29 00:45:01,20.280,21.721,73.913
2023-09-29 01:00:01,18.859,21.487,35.972
2023-09-29 01:15:01,20.239,21.392,28.507
2023-09-29 01:30:01,20.254,21.550,35.900
2023-09-29 01:45:01,17.247,21.485,35.967
2023-09-29 02:00:01,20.295,21.416,30.383
2023-09-29 02:15:01,18.931,21.291,27.770
2023-09-29 02:30:02,20.285,21.357,30.956
2023-09-29 02:45:01,20.351,21.399,29.208
2023-09-29 03:00:01,17.538,21.445,29.970
2023-09-29 03:15:01,17.215,21.466,34.276
2023-09-29 03:30:02,18.497,21.425,30.409
2023-09-29 03:45:01,18.842,21.477,44.874
2023-09-29 04:00:01,20.172,21.587,58.273
2023-09-29 04:15:01,18.563,21.461,30.555
2023-09-29 04:30:01,20.365,21.634,35.443
2023-09-29 04:45:01,18.127,21.469,28.921
2023-09-29 05:00:01,20.019,21.394,33.135
2023-09-29 05:15:01,18.989,21.480,35.496
2023-09-29 05:30:01,20.365,21.407,32.716
2023-09-29 05:45:01,17.460,21.623,31.025
2023-09-29 06:00:01,18.334,21.537,30.450
2023-09-29 06:15:01,18.456,21.665,36.353
2023-09-29 06:30:02,17.868,21.774,53.650
2023-09-29 06:45:01,20.267,21.863,91.349
2023-09-29 07:00:01,17.749,21.826,36.893
2023-09-29 07:15:01,16.954,21.823,36.692
2023-09-29 07:30:01,16.579,21.790,31.709
2023-09-29 07:45:01,19.383,21.792,42.051
2023-09-29 08:00:01,20.257,21.543,29.722
2023-09-29 08:15:01,20.197,21.560,30.748
2023-09-29 08:30:01,20.320,21.545,36.338
2023-09-29 08:45:01,20.353,21.592,45.242
2023-09-29 09:00:01,20.383,21.756,36.712
2023-09-29 09:15:01,20.189,21.863,43.661
2023-09-29 09:30:01,17.199,21.845,46.188
2023-09-29 09:45:01,20.110,21.806,62.270
2023-09-29 10:00:01,20.264,21.830,40.988
2023-09-29 10:15:01,20.217,21.736,38.972
2023-09-29 10:30:01,29.361,30.796,39.356
2023-09-29 10:45:01,20.375,21.640,30.525
2023-09-29 11:00:01,20.374,21.881,44.139
2023-09-29 11:15:01,20.221,22.376,39.178
2023-09-29 11:30:01,29.392,31.448,44.567
2023-09-29 11:45:00,18.889,23.681,39.959
2023-09-29 12:00:01,20.278,22.381,49.219
2023-09-29 12:15:01,20.339,22.080,75.762
2023-09-29 12:30:01,20.331,21.555,44.996
2023-09-29 12:45:01,20.300,21.689,36.834
2023-09-29 13:00:01,20.268,21.663,36.169
2023-09-29 13:15:01,20.344,21.730,30.921
2023-09-29 13:30:01,18.851,21.951,46.616
2023-09-29 13:45:01,20.305,21.762,35.571
2023-09-29 14:00:02,18.269,21.622,35.141
2023-09-29 14:15:01,16.875,21.788,43.201
2023-09-29 14:30:01,20.016,21.788,30.151
2023-09-29 14:45:01,19.096,22.220,71.691
2023-09-29 15:00:01,17.955,21.961,63.474
2023-09-29 15:15:01,20.354,21.878,37.308
2023-09-29 15:30:01,21.319,22.797,31.098
2023-09-29 15:45:01,21.305,22.692,31.280
2023-09-29 16:00:01,21.324,22.637,37.232
2023-09-29 16:15:01,21.325,22.751,46.906
2023-09-29 16:30:01,20.334,21.798,35.204
2023-09-29 16:45:01,20.324,22.008,54.775
2023-09-29 17:00:01,17.960,21.677,40.507
2023-09-29 17:15:01,17.992,21.579,35.767
2023-09-29 17:30:02,20.296,21.698,36.735
2023-09-29 17:45:01,28.968,30.561,63.741
2023-09-29 18:00:01,20.166,21.701,36.111
2023-09-29 18:15:01,17.341,21.617,35.484
2023-09-29 18:30:02,20.318,21.668,32.820
2023-09-29 18:45:01,20.284,21.656,38.602
2023-09-29 19:00:01,19.115,21.701,35.852
2023-09-29 19:15:01,20.455,21.808,38.084
2023-09-29 19:30:01,20.209,21.738,37.067
2023-09-29 19:45:01,20.144,21.937,37.349
2023-09-29 20:00:01,17.766,22.085,68.618
2023-09-29 20:15:01,16.621,24.612,75.093
2023-09-29 20:30:01,18.197,22.299,40.208
2023-09-29 20:45:00,20.106,22.374,75.902
2023-09-29 21:00:01,18.496,22.025,45.560
2023-09-29 21:15:01,20.288,22.085,129.437
2023-09-29 21:30:01,18.612,21.936,31.458
2023-09-29 21:45:01,17.666,22.364,133.749
2023-09-29 22:00:02,19.747,22.851,41.260
2023-09-29 22:15:01,20.251,22.114,62.123
2023-09-29 22:30:01,17.055,21.771,35.441
2023-09-29 22:45:01,18.166,21.756,35.567
2023-09-29 23:00:02,17.729,21.717,32.777
2023-09-29 23:15:01,20.279,21.711,33.930
2023-09-29 23:30:01,20.211,21.533,31.359
2023-09-29 23:45:01,20.252,21.817,72.010
2023-09-30 00:00:01,20.239,21.562,34.768
2023-09-30 00:15:01,20.278,21.474,35.599
2023-09-30 00:30:01,20.233,21.529,35.695
2023-09-30 00:45:01,20.259,21.535,36.413
2023-09-30 01:00:01,20.225,21.445,28.868
2023-09-30 01:15:01,20.229,21.393,29.402
2023-09-30 01:30:01,20.285,21.398,28.346
2023-09-30 01:45:01,20.232,21.467,29.897
2023-09-30 02:00:01,20.301,21.442,28.840
2023-09-30 02:15:01,20.281,21.477,68.512
2023-09-30 02:30:01,20.263,21.499,62.029
2023-09-30 02:45:01,20.218,21.951,43.668
2023-09-30 03:00:02,18.561,21.381,28.611
2023-09-30 03:15:01,17.446,21.379,31.458
2023-09-30 03:30:01,20.257,21.285,29.983
2023-09-30 03:45:01,16.616,21.376,35.920
2023-09-30 04:00:02,20.304,21.336,35.705
2023-09-30 04:15:01,20.342,21.318,29.171
2023-09-30 04:30:01,20.298,21.264,27.818
2023-09-30 04:45:01,17.499,21.308,30.422
2023-09-30 05:00:02,20.233,21.310,35.582
2023-09-30 05:15:01,20.197,21.347,35.379
2023-09-30 05:30:01,20.185,21.314,29.154
2023-09-30 05:45:01,18.821,21.374,29.266
2023-09-30 06:00:01,20.248,21.325,29.709
2023-09-30 06:15:01,20.210,21.342,28.974
2023-09-30 06:30:01,15.971,21.392,29.081
2023-09-30 06:45:01,20.298,21.450,29.566
2023-09-30 07:00:01,16.077,21.928,75.229
2023-09-30 07:15:01,17.336,28.322,69.318
2023-09-30 07:30:02,17.962,36.369,78.435
2023-09-30 07:45:01,20.371,21.645,29.922
2023-09-30 08:00:01,20.271,21.837,70.255
2023-09-30 08:15:01,20.242,21.690,39.094
2023-09-30 08:30:01,18.869,21.925,51.914
2023-09-30 08:45:01,16.607,22.386,72.173
2023-09-30 09:00:02,17.455,22.019,53.531
2023-09-30 09:15:01,16.552,21.900,39.890
2023-09-30 09:30:01,17.935,21.850,37.923
2023-09-30 09:45:01,20.282,21.819,42.966
2023-09-30 10:00:02,20.411,23.084,71.918
2023-09-30 10:15:01,20.240,21.705,42.555
2023-09-30 10:30:01,21.293,22.604,73.238
2023-09-30 10:45:01,20.399,22.282,48.696
2023-09-30 11:00:02,19.249,21.652,30.578
2023-09-30 11:15:01,19.522,21.670,31.581
2023-09-30 11:30:01,19.241,21.803,39.890
2023-09-30 11:45:01,18.144,21.856,31.114
2023-09-30 12:00:01,19.754,21.804,31.332
2023-09-30 12:15:01,20.303,21.649,37.439
2023-09-30 12:30:01,20.367,21.637,30.253
2023-09-30 12:45:00,20.281,21.685,35.930
2023-09-30 13:00:01,20.194,21.828,36.455
2023-09-30 13:15:01,16.967,21.753,30.409
2023-09-30 13:30:01,29.041,30.708,44.422
2023-09-30 13:45:01,17.742,21.884,37.501
2023-09-30 14:00:01,17.762,22.068,40.214
2023-09-30 14:15:01,17.338,22.188,65.538
2023-09-30 14:30:02,19.944,22.153,76.410
2023-09-30 14:45:01,17.277,21.964,30.458
2023-09-30 15:00:01,18.163,22.256,82.341
2023-09-30 15:15:01,16.411,22.063,37.929
2023-09-30 15:30:01,16.913,22.268,43.235
2023-09-30 15:45:01,16.816,22.294,43.210
2023-09-30 16:00:01,20.392,21.984,34.953
2023-09-30 16:15:00,20.281,21.781,31.468
2023-09-30 16:30:01,19.238,22.187,62.528
2023-09-30 16:45:01,16.557,22.307,78.711
2023-09-30 17:00:01,17.550,21.839,75.173
2023-09-30 17:15:01,20.355,21.782,44.090
2023-09-30 17:30:01,20.227,21.963,38.316
2023-09-30 17:45:01,20.226,22.820,37.422
2023-09-30 18:00:02,20.250,21.814,41.437
2023-09-30 18:15:01,17.955,21.899,31.288
2023-09-30 18:30:01,18.526,21.795,39.822
2023-09-30 18:45:01,18.450,21.889,68.693
2023-09-30 19:00:02,18.424,21.780,35.237
2023-09-30 19:15:01,17.664,22.288,76.278
2023-09-30 19:30:01,20.247,21.855,43.374
2023-09-30 19:45:01,17.036,22.488,52.259
2023-09-30 20:00:02,20.208,21.540,36.220
2023-09-30 20:15:01,17.352,22.975,48.819
2023-09-30 20:30:01,18.689,23.506,72.559
2023-09-30 20:45:01,16.119,22.725,42.777
2023-09-30 21:00:01,18.255,22.191,69.716
2023-09-30 21:15:01,18.267,21.872,36.398
2023-09-30 21:30:01,20.186,22.055,41.086
2023-09-30 21:45:01,16.573,22.061,45.416
2023-09-30 22:00:01,17.668,21.877,37.202
2023-09-30 22:15:01,17.457,21.965,40.395
2023-09-30 22:30:01,20.273,21.964,44.082
2023-09-30 22:45:01,20.233,21.781,37.524
2023-09-30 23:00:01,20.385,21.756,50.384
2023-09-30 23:15:01,20.257,21.874,35.886
2023-09-30 23:30:02,20.339,21.999,43.344
2023-09-30 23:45:01,20.310,21.727,71.462
2023-10-01 00:00:01,17.949,24.374,69.857
2023-10-01 00:15:01,20.294,21.490,35.360
2023-10-01 00:30:02,17.865,21.761,37.490
2023-10-01 00:45:01,19.009,21.506,35.132
2023-10-01 01:00:01,20.173,21.425,35.858
2023-10-01 01:15:01,20.260,21.385,28.914
2023-10-01 01:30:02,17.038,21.452,29.724
2023-10-01 01:45:01,17.568,21.820,47.306
2023-10-01 02:00:01,20.325,21.445,29.112
2023-10-01 02:15:00,20.368,21.421,28.889
2023-10-01 02:30:01,20.321,21.422,40.837
2023-10-01 02:45:01,20.230,21.382,35.889
2023-10-01 03:00:02,20.251,21.691,37.992
2023-10-01 03:15:01,20.321,21.301,30.469
2023-10-01 03:30:01,18.306,21.371,30.117
2023-10-01 03:45:01,20.145,21.306,28.452
2023-10-01 04:00:01,20.196,21.444,64.668
2023-10-01 04:15:01,20.135,21.459,61.395
2023-10-01 04:30:01,18.839,21.346,30.367
2023-10-01 04:45:01,20.339,21.380,31.237
2023-10-01 05:00:01,20.091,21.272,30.812
2023-10-01 05:15:00,20.230,21.358,29.678
2023-10-01 05:30:01,20.211,21.299,28.282
2023-10-01 05:45:01,20.273,21.352,29.152
2023-10-01 06:00:01,20.249,21.340,30.635
2023-10-01 06:15:01,16.117,21.302,29.412
2023-10-01 06:30:01,20.300,21.349,30.275
2023-10-01 06:45:01,20.207,21.545,65.757
2023-10-01 07:00:01,20.219,21.380,30.004
2023-10-01 07:15:00,20.229,21.450,35.599
2023-10-01 07:30:01,16.853,21.593,40.818
2023-10-01 07:45:01,19.097,21.590,36.644
2023-10-01 08:00:02,17.984,21.664,46.144
2023-10-01 08:15:01,20.217,21.669,37.005
2023-10-01 08:30:01,20.212,21.613,30.423
2023-10-01 08:45:01,19.084,21.694,33.614
2023-10-01 09:00:01,16.360,22.074,39.248
2023-10-01 09:15:01,16.571,22.472,69.179
2023-10-01 09:30:01,20.234,22.292,46.085
2023-10-01 09:45:01,20.250,22.299,69.946
2023-10-01 10:00:02,19.660,22.360,76.181
2023-10-01 10:15:01,19.610,23.433,41.930
2023-10-01 10:30:01,16.384,22.096,49.022
2023-10-01 10:45:01,19.369,22.130,40.624
2023-10-01 11:00:02,19.472,21.916,32.087
2023-10-01 11:15:01,16.500,22.117,85.467
2023-10-01 11:30:01,25.870,30.658,73.360
2023-10-01 11:45:01,17.812,21.815,31.488
2023-10-01 12:00:01,18.865,21.881,71.445
2023-10-01 12:15:01,19.971,22.654,35.817
2023-10-01 12:30:01,17.588,22.107,59.440
2023-10-01 12:45:01,17.966,21.890,35.032
2023-10-01 13:00:01,26.667,31.184,57.544
2023-10-01 13:15:01,18.378,22.703,38.416
2023-10-01 13:30:02,17.227,22.214,54.195
2023-10-01 13:45:01,18.887,22.156,60.660
2023-10-01 14:00:01,16.568,22.440,42.253
2023-10-01 14:15:00,17.074,22.845,63.767
2023-10-01 14:30:01,17.761,23.008,75.867
2023-10-01 14:45:01,16.422,22.593,51.657
2023-10-01 15:00:01,17.149,23.345,70.039
2023-10-01 15:15:00,16.657,22.994,44.387
2023-10-01 15:30:01,17.477,23.182,67.950
2023-10-01 15:45:01,18.749,22.942,52.720
2023-10-01 16:00:02,19.418,22.364,51.393
2023-10-01 16:15:01,17.524,21.969,47.488
2023-10-01 16:30:01,17.511,22.898,38.695
2023-10-01 16:45:01,17.003,21.944,41.317
2023-10-01 17:00:02,19.093,22.041,36.819
2023-10-01 17:15:01,16.818,22.250,58.251
2023-10-01 17:30:01,16.149,22.644,69.453
2023-10-01 17:45:01,18.384,22.529,69.212
2023-10-01 18:00:02,19.239,23.379,47.703
2023-10-01 18:15:01,20.348,22.649,47.562
2023-10-01 18:30:01,16.662,21.907,37.937
2023-10-01 18:45:01,17.215,22.056,68.808
2023-10-01 19:00:02,18.388,23.760,69.474
2023-10-01 19:15:01,16.555,23.226,65.783
2023-10-01 19:30:01,17.089,23.105,56.411
2023-10-01 19:45:01,16.857,22.918,107.262
2023-10-01 20:00:01,16.968,23.513,47.085
2023-10-01 20:15:01,16.816,22.938,44.321
2023-10-01 20:30:02,17.417,23.219,63.803
2023-10-01 20:45:01,16.992,22.841,70.539
2023-10-01 21:00:01,16.746,23.004,54.581
2023-10-01 21:15:01,17.138,22.929,43.337
2023-10-01 21:30:02,17.911,23.883,65.141
2023-10-01 21:45:01,17.572,22.496,38.174
2023-10-01 22:00:01,15.738,33.747,108.026
2023-10-01 22:15:01,17.430,22.182,42.783
2023-10-01 22:30:01,16.902,21.582,29.604
2023-10-01 22:45:01,17.286,21.855,32.225
2023-10-01 23:00:01,16.301,21.783,40.181
2023-10-01 23:15:02,17.307,21.591,35.606
2023-10-01 23:30:01,16.310,21.618,47.294
2023-10-01 23:45:01,16.902,21.501,34.059
2023-10-02 00:00:01,18.652,26.589,74.035
2023-10-02 00:15:00,16.636,21.465,34.786
2023-10-02 00:30:01,17.216,21.482,37.998
2023-10-02 00:45:01,16.841,21.527,31.730
2023-10-02 01:00:01,16.318,21.532,44.606
2023-10-02 01:15:01,17.159,21.585,32.070
2023-10-02 01:30:01,17.524,21.479,31.163
2023-10-02 01:45:01,18.078,21.475,29.904
2023-10-02 02:00:02,17.175,21.530,52.782
2023-10-02 02:15:01,17.195,21.525,36.387
2023-10-02 02:30:01,16.591,21.366,28.661
2023-10-02 02:45:01,19.806,21.356,28.901
2023-10-02 03:00:01,16.635,21.737,35.406
2023-10-02 03:15:01,17.706,21.579,32.927
2023-10-02 03:30:01,16.607,21.391,28.606
2023-10-02 03:45:01,17.303,21.608,30.470
2023-10-02 04:00:01,16.236,21.635,36.433
2023-10-02 04:15:01,17.468,21.494,30.293
2023-10-02 04:30:02,17.307,21.535,39.653
2023-10-02 04:45:01,16.579,21.674,33.947
2023-10-02 05:00:01,17.244,21.698,31.333
2023-10-02 05:15:01,18.701,21.396,31.219
2023-10-02 05:30:01,17.555,21.407,30.779
2023-10-02 05:45:01,17.016,21.564,36.052
2023-10-02 06:00:01,19.148,21.418,34.995
2023-10-02 06:15:01,17.208,21.520,33.280
2023-10-02 06:30:02,16.469,21.415,30.725
2023-10-02 06:45:01,17.574,21.646,35.431
2023-10-02 07:00:01,16.863,21.621,30.165
2023-10-02 07:15:01,18.207,21.691,45.532
2023-10-02 07:30:02,18.280,23.632,741.517
2023-10-02 07:45:01,20.290,21.585,40.617
2023-10-02 08:00:01,20.312,21.663,30.128
2023-10-02 08:15:01,17.630,21.774,67.152
2023-10-02 08:30:01,20.320,21.638,36.083
2023-10-02 08:45:01,20.433,21.546,31.563
2023-10-02 09:00:02,20.377,21.686,35.826
2023-10-02 09:15:01,20.350,21.677,38.775
2023-10-02 09:30:01,25.653,30.807,46.105
2023-10-02 09:45:01,21.288,22.857,55.891
2023-10-02 10:00:02,20.410,21.684,32.855
2023-10-02 10:15:01,20.384,21.795,37.983
2023-10-02 10:30:01,20.347,22.127,37.579
2023-10-02 10:45:00,20.378,21.997,40.711
2023-10-02 11:00:01,17.341,21.902,38.092
2023-10-02 11:15:01,20.379,22.010,37.235
2023-10-02 11:30:01,20.332,22.037,30.694
2023-10-02 11:45:00,20.285,21.657,36.070
2023-10-02 12:00:01,18.208,21.690,38.749
2023-10-02 12:15:01,20.266,21.887,52.850
2023-10-02 12:30:02,20.198,21.780,55.766
2023-10-02 12:45:01,20.239,21.597,30.577
2023-10-02 13:00:01,29.542,31.069,47.319
2023-10-02 13:15:01,17.394,22.274,46.392
2023-10-02 13:30:01,20.355,22.169,39.580
2023-10-02 13:45:01,18.329,22.203,34.605
2023-10-02 14:00:01,20.081,22.148,71.846
2023-10-02 14:15:01,18.825,22.283,74.764
2023-10-02 14:30:01,19.975,22.288,70.623
2023-10-02 14:45:01,21.374,23.017,45.662
2023-10-02 15:00:01,18.138,31.377,85.280
2023-10-02 15:15:01,19.331,29.150,78.556
2023-10-02 15:30:02,26.190,27.849,49.626
2023-10-02 15:45:01,20.335,21.858,37.648
2023-10-02 16:00:01,20.362,21.970,45.183
2023-10-02 16:15:01,20.331,22.001,37.190
2023-10-02 16:30:02,20.051,22.045,54.788
2023-10-02 16:45:01,20.268,21.871,33.527
2023-10-02 17:00:01,20.402,22.216,43.827
2023-10-02 17:15:01,26.233,27.905,49.730
2023-10-02 17:30:02,21.282,22.934,35.438
2023-10-02 17:45:01,20.337,21.951,39.032
2023-10-02 18:00:01,20.242,21.857,31.726
2023-10-02 18:15:01,21.331,23.044,40.048
2023-10-02 18:30:01,22.645,29.168,84.538
2023-10-02 18:45:01,17.614,23.489,79.644
2023-10-02 19:00:02,17.559,22.342,47.125
2023-10-02 19:15:01,19.610,23.780,53.029
2023-10-02 19:30:01,21.280,23.940,46.201
2023-10-02 19:45:01,18.131,24.006,64.623
2023-10-02 20:00:02,21.254,23.495,65.724
2023-10-02 20:15:01,24.606,27.956,49.454
2023-10-02 20:30:01,23.736,28.863,72.008
2023-10-02 20:45:01,21.174,23.889,46.779
2023-10-02 21:00:02,18.721,30.242,87.230
2023-10-02 21:15:01,17.284,23.533,55.560
2023-10-02 21:30:01,19.634,24.903,110.600
2023-10-02 21:45:01,18.304,22.120,61.398
2023-10-02 22:00:02,18.612,22.693,53.581
2023-10-02 22:15:01,22.977,29.063,73.696
2023-10-02 22:30:01,17.391,21.971,33.044
2023-10-02 22:45:01,18.191,21.921,40.398
2023-10-02 23:00:01,18.660,21.715,30.513
2023-10-02 23:15:01,17.670,21.713,33.409
2023-10-02 23:30:02,19.359,21.894,39.922
2023-10-02 23:45:01,18.258,21.544,30.250
2023-10-03 00:00:01,16.524,21.480,29.932
2023-10-03 00:15:00,18.231,26.922,95.503
2023-10-03 00:30:01,18.885,21.532,33.395
2023-10-03 00:45:01,16.591,21.569,30.383
2023-10-03 01:00:01,17.271,21.404,33.455
2023-10-03 01:15:00,20.325,21.436,32.735
2023-10-03 01:30:01,16.572,21.487,29.493
2023-10-03 01:45:01,18.432,21.380,28.714
2023-10-03 02:00:02,18.768,21.516,30.380
2023-10-03 02:15:01,19.619,21.368,29.726
2023-10-03 02:30:01,20.188,21.449,32.173
2023-10-03 02:45:01,18.067,21.363,34.181
2023-10-03 03:00:02,19.530,21.572,47.723
2023-10-03 03:15:01,17.435,21.715,54.991
2023-10-03 03:30:01,16.336,22.488,45.407
2023-10-03 03:45:01,16.683,21.475,33.156
2023-10-03 04:00:01,17.507,21.562,33.721
2023-10-03 04:15:01,16.940,21.456,28.616
2023-10-03 04:30:02,16.676,21.354,29.196
2023-10-03 04:45:01,18.464,22.330,280.215
2023-10-03 05:00:01,18.849,21.501,31.751
2023-10-03 05:15:01,17.520,21.704,38.493
2023-10-03 05:30:01,19.385,21.552,33.002
2023-10-03 05:45:01,18.307,21.553,42.584
2023-10-03 06:00:01,19.120,21.571,32.565
2023-10-03 06:15:01,16.768,21.519,35.740
2023-10-03 06:30:01,16.732,21.371,28.923
2023-10-03 06:45:01,17.825,21.541,32.355
2023-10-03 07:00:01,18.496,21.531,33.822
2023-10-03 07:15:01,18.502,21.701,30.442
2023-10-03 07:30:01,18.337,21.704,37.291
2023-10-03 07:45:01,16.901,21.756,31.118
2023-10-03 08:00:01,20.250,21.548,81.356
2023-10-03 08:15:01,20.225,21.802,74.431
2023-10-03 08:30:01,20.310,26.021,78.939
2023-10-03 08:45:01,17.844,25.072,76.438
2023-10-03 09:00:01,19.791,23.232,74.841
2023-10-03 09:15:01,20.247,21.795,43.261
2023-10-03 09:30:01,20.260,21.562,37.361
2023-10-03 09:45:01,18.018,21.664,38.136
2023-10-03 10:00:01,17.305,22.091,54.586
2023-10-03 10:15:01,19.190,21.886,37.444
2023-10-03 10:30:02,17.183,21.580,36.159
2023-10-03 10:45:01,20.207,21.642,36.011
2023-10-03 11:00:01,19.370,22.922,36.708
2023-10-03 11:15:01,19.392,21.708,35.670
2023-10-03 11:30:02,20.278,21.689,31.804
2023-10-03 11:45:01,20.345,21.603,38.711
2023-10-03 12:00:01,20.345,21.562,32.914
2023-10-03 12:15:01,20.408,21.779,41.647
2023-10-03 12:30:01,20.180,21.511,29.251
2023-10-03 12:45:01,19.633,21.773,45.566
2023-10-03 13:00:01,20.303,21.790,32.085
2023-10-03 13:15:01,20.049,22.801,38.354
2023-10-03 13:30:01,20.885,22.754,32.837
2023-10-03 13:45:01,19.581,21.763,34.924
2023-10-03 14:00:01,20.292,22.593,69.954
2023-10-03 14:15:01,19.031,31.342,95.785
2023-10-03 14:30:01,17.324,25.232,72.506
2023-10-03 14:45:01,20.173,21.942,61.229
2023-10-03 15:00:02,18.667,21.701,39.772
2023-10-03 15:15:01,20.249,21.798,38.857
2023-10-03 15:30:01,18.376,22.909,63.334
2023-10-03 15:45:01,20.321,21.820,32.480
2023-10-03 16:00:01,20.319,22.427,38.408
2023-10-03 16:15:01,21.347,23.348,45.582
2023-10-03 16:30:02,21.327,22.894,34.816
2023-10-03 16:45:01,21.239,23.074,39.881
2023-10-03 17:00:01,19.388,22.611,49.260
2023-10-03 17:15:01,20.349,22.701,48.925
2023-10-03 17:30:02,20.354,22.205,37.974
2023-10-03 17:45:01,20.396,22.306,39.237
2023-10-03 18:00:01,20.301,22.231,38.435
2023-10-03 18:15:01,20.363,22.796,80.276
2023-10-03 18:30:02,20.312,22.222,50.278
2023-10-03 18:45:01,20.267,22.295,59.788
2023-10-03 19:00:01,19.833,22.535,75.237
2023-10-03 19:15:01,18.401,22.175,38.239
2023-10-03 19:30:01,17.006,22.667,44.807
2023-10-03 19:45:01,18.615,22.675,81.977
2023-10-03 20:00:01,17.088,22.628,49.975
2023-10-03 20:15:01,17.734,22.396,76.497
2023-10-03 20:30:01,18.252,22.616,50.950
2023-10-03 20:45:01,27.192,31.128,65.559
2023-10-03 21:00:02,20.177,23.937,86.222
2023-10-03 21:15:01,17.322,23.281,75.482
2023-10-03 21:30:01,18.740,22.046,69.625
2023-10-03 21:45:01,16.522,23.060,72.804
2023-10-03 22:00:01,16.970,22.477,75.024
2023-10-03 22:15:01,17.363,22.252,41.736
2023-10-03 22:30:02,20.342,21.838,44.880
2023-10-03 22:45:01,19.631,21.611,36.093
2023-10-03 23:00:01,20.284,21.776,35.862
2023-10-03 23:15:01,19.363,22.124,40.253
2023-10-03 23:30:01,17.592,21.860,36.018
2023-10-03 23:45:01,20.114,21.640,41.925
2023-10-04 00:00:02,20.332,21.490,30.295
2023-10-04 00:15:01,20.254,24.885,70.523
2023-10-04 00:30:01,20.212,21.554,74.916
2023-10-04 00:45:02,18.779,21.410,31.765
2023-10-04 01:00:01,20.279,21.327,30.024
2023-10-04 01:15:01,20.121,21.414,34.913
2023-10-04 01:30:01,20.296,21.291,34.379
2023-10-04 01:45:01,20.228,21.392,29.018
2023-10-04 02:00:01,20.339,21.388,37.317
2023-10-04 02:15:01,20.266,21.348,29.198
2023-10-04 02:30:02,20.273,21.286,28.636
2023-10-04 02:45:01,20.245,21.257,29.693
2023-10-04 03:00:01,20.259,21.344,29.588
2023-10-04 03:15:01,20.279,21.326,30.487
2023-10-04 03:30:01,17.513,21.327,29.166
2023-10-04 03:45:01,20.301,21.490,35.815
2023-10-04 04:00:01,20.165,21.420,49.954
2023-10-04 04:15:01,20.266,21.378,35.622
2023-10-04 04:30:01,18.352,21.324,29.220
2023-10-04 04:45:01,20.286,21.385,36.294
2023-10-04 05:00:01,20.276,21.330,28.954
2023-10-04 05:15:01,20.213,21.340,29.659
2023-10-04 05:30:01,20.238,21.346,31.435
2023-10-04 05:45:01,20.258,21.335,29.055
2023-10-04 06:00:02,18.417,21.339,33.831
2023-10-04 06:15:01,19.774,21.564,34.449
2023-10-04 06:30:01,20.250,21.468,36.861
2023-10-04 06:45:01,20.320,21.474,30.747
2023-10-04 07:00:01,19.737,21.880,202.380
2023-10-04 07:15:01,16.694,21.611,67.610
2023-10-04 07:30:01,16.986,21.881,37.391
2023-10-04 07:45:01,16.030,21.558,35.689
2023-10-04 08:00:01,16.645,21.549,36.148
2023-10-04 08:15:01,20.306,21.497,34.066
2023-10-04 08:30:02,20.259,21.592,36.130
2023-10-04 08:45:01,20.319,21.476,29.474
2023-10-04 09:00:01,20.274,21.574,36.073
2023-10-04 09:15:01,17.011,21.499,30.062
2023-10-04 09:30:01,16.932,21.569,39.438
2023-10-04 09:45:01,20.322,21.812,40.528
2023-10-04 10:00:02,16.896,21.696,44.949
2023-10-04 10:15:01,20.293,21.582,36.124
2023-10-04 10:30:01,20.278,21.607,37.165
2023-10-04 10:45:01,20.318,21.623,35.987
2023-10-04 11:00:01,29.445,30.801,44.656
2023-10-04 11:15:01,20.281,21.510,32.238
2023-10-04 11:30:01,20.350,21.499,29.554
2023-10-04 11:45:01,20.243,21.886,51.272
2023-10-04 12:00:01,17.442,21.523,61.123
2023-10-04 12:15:01,20.327,21.491,30.522
2023-10-04 12:30:02,20.133,21.550,36.284
2023-10-04 12:45:01,20.223,21.579,34.136
2023-10-04 13:00:01,20.359,21.664,31.021
2023-10-04 13:15:01,20.241,21.702,36.553
2023-10-04 13:30:02,19.764,21.757,37.318
2023-10-04 13:45:01,20.208,21.626,34.498
2023-10-04 14:00:01,20.273,21.864,53.475
2023-10-04 14:15:01,20.273,21.776,68.175
2023-10-04 14:30:01,20.221,21.748,33.037
2023-10-04 14:45:01,20.291,22.221,70.110
2023-10-04 15:00:01,18.465,23.126,115.109
2023-10-04 15:15:01,21.325,22.631,37.099
2023-10-04 15:30:02,21.333,22.624,33.585
2023-10-04 15:45:01,20.228,21.697,40.955
2023-10-04 16:00:01,21.317,22.806,39.351
2023-10-04 16:15:01,20.281,21.625,35.928
2023-10-04 16:30:02,21.253,22.999,42.965
2023-10-04 16:45:01,19.985,23.108,38.985
2023-10-04 17:00:01,20.559,22.869,47.093
2023-10-04 17:15:01,20.295,22.966,48.927
2023-10-04 17:30:01,20.283,21.729,36.113
2023-10-04 17:45:02,21.335,22.908,32.938
2023-10-04 18:00:01,21.339,22.811,40.436
2023-10-04 18:15:01,21.305,22.800,38.106
2023-10-04 18:30:01,17.417,23.200,153.358
2023-10-04 18:45:01,21.288,23.521,152.108
2023-10-04 19:00:01,21.376,24.049,73.500
2023-10-04 19:15:01,21.272,24.461,49.579
2023-10-04 19:30:01,21.360,23.832,80.057
2023-10-04 19:45:01,21.301,23.764,46.486
2023-10-04 20:00:01,18.016,23.570,73.648
2023-10-04 20:15:01,25.478,31.154,71.086
2023-10-04 20:30:01,17.472,23.565,79.185
2023-10-04 20:45:01,19.933,23.162,73.711
2023-10-04 21:00:01,21.353,23.275,59.711
2023-10-04 21:15:01,20.015,23.527,89.096
2023-10-04 21:30:01,26.943,31.577,66.911
2023-10-04 21:45:02,18.535,23.128,39.403
2023-10-04 22:00:01,17.871,25.767,110.897
2023-10-04 22:15:01,17.053,22.270,49.421
2023-10-04 22:30:01,16.238,21.799,49.347
2023-10-04 22:45:01,16.754,21.733,63.767
2023-10-04 23:00:01,18.180,21.714,39.051
2023-10-04 23:15:00,19.223,21.804,36.453
2023-10-04 23:30:01,18.799,21.760,36.167
2023-10-04 23:45:01,17.182,21.861,77.542
2023-10-05 00:00:01,20.314,21.603,43.026
2023-10-05 00:15:01,20.279,21.693,30.729
2023-10-05 00:30:02,19.441,26.690,65.590
2023-10-05 00:45:01,18.071,21.466,44.286
2023-10-05 01:00:02,18.154,21.526,36.968
2023-10-05 01:15:01,18.367,21.453,42.759
2023-10-05 01:30:01,19.415,21.383,31.215
2023-10-05 01:45:01,16.997,21.493,33.988
2023-10-05 02:00:01,19.235,21.389,40.406
2023-10-05 02:15:01,18.374,21.607,51.743
2023-10-05 02:30:01,17.013,21.429,42.999
2023-10-05 02:45:01,17.982,21.459,29.172
2023-10-05 03:00:01,17.716,21.575,33.103
2023-10-05 03:15:01,17.209,21.411,35.834
2023-10-05 03:30:02,20.292,21.473,35.529
2023-10-05 03:45:01,18.644,21.439,29.652
2023-10-05 04:00:02,17.681,23.823,1383.069
2023-10-05 04:15:01,29.707,30.717,39.912
2023-10-05 04:30:01,28.716,30.103,41.286
2023-10-05 04:45:01,25.874,30.454,65.000
2023-10-05 05:00:01,27.469,30.740,39.044
2023-10-05 05:15:01,28.510,30.948,42.576
2023-10-05 05:30:02,26.314,30.838,45.215
2023-10-05 05:45:01,20.309,21.420,35.270
2023-10-05 06:00:01,19.400,21.457,31.527
2023-10-05 06:15:00,16.391,21.472,32.139
2023-10-05 06:30:01,19.134,21.487,31.856
2023-10-05 06:45:01,16.720,21.652,63.014
2023-10-05 07:00:01,19.504,21.848,32.769
2023-10-05 07:15:00,18.041,21.664,36.474
2023-10-05 07:30:01,16.891,21.818,60.898
2023-10-05 07:45:01,20.133,21.625,62.697
2023-10-05 08:00:02,20.370,21.636,33.493
2023-10-05 08:15:01,20.187,21.619,36.759
2023-10-05 08:30:01,19.607,21.716,50.725
2023-10-05 08:45:01,20.297,21.690,42.328
2023-10-05 09:00:02,20.355,21.923,44.813
2023-10-05 09:15:01,18.721,21.870,38.287
2023-10-05 09:30:01,20.302,21.642,35.074
2023-10-05 09:45:01,19.931,21.636,34.370
2023-10-05 10:00:01,20.197,21.829,36.640
2023-10-05 10:15:01,20.319,21.885,37.081
2023-10-05 10:30:01,20.364,21.903,44.345
2023-10-05 10:45:00,19.742,21.905,38.432
2023-10-05 11:00:01,20.208,21.825,36.034
2023-10-05 11:15:01,20.059,21.803,41.235
2023-10-05 11:30:01,20.172,21.799,37.369
2023-10-05 11:45:01,20.342,21.679,36.358
2023-10-05 12:00:01,17.515,21.775,49.255
2023-10-05 12:15:01,17.388,21.585,30.970
2023-10-05 12:30:02,20.306,21.629,35.154
2023-10-05 12:45:01,20.367,21.610,31.691
2023-10-05 13:00:01,20.333,21.704,38.013
2023-10-05 13:15:01,20.303,21.680,41.084
2023-10-05 13:30:01,20.157,22.336,69.967
2023-10-05 13:45:01,20.322,22.271,60.564
2023-10-05 14:00:01,20.195,21.726,37.494
2023-10-05 14:15:01,20.293,21.921,41.139
2023-10-05 14:30:01,20.180,21.894,34.385
2023-10-05 14:45:01,20.188,21.833,39.881
2023-10-05 15:00:02,20.014,21.935,37.400
2023-10-05 15:15:01,18.694,21.925,39.068
2023-10-05 15:30:01,20.193,21.737,41.487
2023-10-05 15:45:01,19.859,21.559,29.251
2023-10-05 16:00:01,20.181,21.695,31.966
2023-10-05 16:15:01,20.272,21.599,36.486
2023-10-05 16:30:01,20.242,21.720,32.322
2023-10-05 16:45:01,20.299,22.091,46.375
2023-10-05 17:00:01,20.305,21.971,43.603
2023-10-05 17:15:01,20.191,21.686,30.796
2023-10-05 17:30:01,20.334,21.728,39.858
2023-10-05 17:45:01,20.187,21.562,36.227
2023-10-05 18:00:01,20.280,21.753,36.065
2023-10-05 18:15:01,18.357,21.655,38.196
2023-10-05 18:30:01,20.194,21.576,37.642
2023-10-05 18:45:01,20.330,21.852,40.268
2023-10-05 19:00:01,20.343,22.066,40.676
2023-10-05 19:15:01,16.028,21.803,41.280
2023-10-05 19:30:02,20.379,21.805,36.675
2023-10-05 19:45:01,20.325,21.763,68.038
2023-10-05 20:00:01,17.260,22.006,37.633
2023-10-05 20:15:01,28.010,31.431,47.169
2023-10-05 20:30:01,17.839,22.018,43.045
2023-10-05 20:45:01,17.983,21.861,35.696
2023-10-05 21:00:02,20.204,22.108,40.108
2023-10-05 21:15:01,19.936,21.945,39.838
2023-10-05 21:30:01,20.362,21.909,37.147
2023-10-05 21:45:01,18.117,21.780,38.109
2023-10-05 22:00:01,18.592,22.153,68.010
2023-10-05 22:15:01,19.194,22.086,34.896
2023-10-05 22:30:01,16.768,21.839,33.869
2023-10-05 22:45:01,16.947,21.897,36.056
2023-10-05 23:00:01,16.862,22.010,33.352
2023-10-05 23:15:01,19.347,21.608,29.765
2023-10-05 23:30:02,20.157,21.758,38.442
2023-10-05 23:45:01,17.997,21.699,37.729
2023-10-06 00:00:01,20.334,21.465,31.542
2023-10-06 00:15:01,19.436,21.481,34.893
2023-10-06 00:30:02,20.333,21.985,64.346
2023-10-06 00:45:01,20.213,26.198,64.494
2023-10-06 01:00:01,18.301,21.475,35.752
2023-10-06 01:15:01,20.315,21.418,36.089
2023-10-06 01:30:01,20.312,21.397,34.315
2023-10-06 01:45:01,19.082,21.459,35.364
2023-10-06 02:00:02,20.245,21.326,29.453
2023-10-06 02:15:01,20.292,21.454,36.145
2023-10-06 02:30:01,20.260,21.370,29.462
2023-10-06 02:45:01,20.259,21.308,31.200
2023-10-06 03:00:01,18.719,21.381,35.780
2023-10-06 03:15:01,19.821,21.330,28.985
2023-10-06 03:30:01,17.892,21.343,29.836
2023-10-06 03:45:01,17.672,21.375,30.067
2023-10-06 04:00:01,20.242,21.597,39.063
2023-10-06 04:15:01,20.359,21.327,32.577
2023-10-06 04:30:02,20.347,21.325,35.467
2023-10-06 04:45:01,19.946,21.364,29.265
2023-10-06 05:00:02,20.237,21.324,28.442
2023-10-06 05:15:01,20.276,21.383,30.745
2023-10-06 05:30:01,20.317,21.368,28.664
2023-10-06 05:45:01,20.311,21.367,33.634
2023-10-06 06:00:01,20.330,21.345,30.971
2023-10-06 06:15:01,20.307,21.458,37.732
2023-10-06 06:30:02,19.888,21.404,31.514
2023-10-06 06:45:01,20.132,21.553,29.370
2023-10-06 07:00:01,17.516,21.592,34.221
2023-10-06 07:15:01,19.694,21.793,57.409
2023-10-06 07:30:02,18.980,21.772,38.580
2023-10-06 07:45:01,20.325,21.731,49.936
2023-10-06 08:00:02,18.508,21.636,35.877
2023-10-06 08:15:01,20.259,21.566,32.936
2023-10-06 08:30:01,20.282,21.556,33.010
2023-10-06 08:45:01,19.532,21.515,33.960
2023-10-06 09:00:02,19.388,21.639,53.303
2023-10-06 09:15:01,20.313,21.668,32.515
2023-10-06 09:30:01,19.324,21.780,37.838
2023-10-06 09:45:01,20.292,21.779,42.730
2023-10-06 10:00:01,20.237,21.700,31.593
2023-10-06 10:15:01,20.307,21.696,38.954
2023-10-06 10:30:01,20.195,21.575,36.250
2023-10-06 10:45:00,18.357,21.713,36.377
2023-10-06 11:00:01,17.606,21.722,31.294
2023-10-06 11:15:01,19.120,21.601,30.067
2023-10-06 11:30:02,20.307,21.619,31.895
2023-10-06 11:45:01,20.332,21.485,37.357
2023-10-06 12:00:01,20.272,21.589,36.027
2023-10-06 12:15:00,19.969,21.563,46.281
2023-10-06 12:30:01,20.272,21.554,43.300
2023-10-06 12:45:01,20.218,21.518,32.699
2023-10-06 13:00:01,20.178,21.698,63.749
2023-10-06 13:15:00,19.176,21.507,37.078
2023-10-06 13:30:01,19.424,21.494,59.645
2023-10-06 13:45:01,20.194,21.576,36.879
2023-10-06 14:00:02,20.195,21.732,38.115
2023-10-06 14:15:01,20.202,21.643,37.154
2023-10-06 14:30:01,20.321,21.634,35.755
2023-10-06 14:45:01,20.224,21.821,56.910
2023-10-06 15:00:01,20.298,21.672,56.376
2023-10-06 15:15:01,19.181,21.843,62.232
2023-10-06 15:30:02,20.232,21.490,29.682
2023-10-06 15:45:01,21.285,22.702,40.888
2023-10-06 16:00:01,20.242,21.866,38.419
2023-10-06 16:15:01,21.293,22.966,41.950
2023-10-06 16:30:02,20.261,22.013,38.167
2023-10-06 16:45:01,20.231,21.914,36.714
2023-10-06 17:00:01,19.494,21.676,31.362
2023-10-06 17:15:01,20.313,21.668,37.532
2023-10-06 17:30:02,20.287,21.618,29.396
2023-10-06 17:45:01,20.318,21.866,35.938
2023-10-06 18:00:01,20.385,21.557,31.998
2023-10-06 18:15:01,18.501,21.844,72.670
2023-10-06 18:30:01,19.922,21.836,82.767
2023-10-06 18:45:01,20.374,21.978,58.099
2023-10-06 19:00:02,20.332,22.001,59.310
2023-10-06 19:15:01,19.738,22.097,33.594
2023-10-06 19:30:01,20.303,21.870,34.883
2023-10-06 19:45:01,19.381,22.096,59.780
2023-10-06 20:00:01,16.194,21.827,35.618
2023-10-06 20:15:01,17.024,21.898,36.491
2023-10-06 20:30:02,17.316,22.296,37.380
2023-10-06 20:45:01,17.301,22.504,34.532
2023-10-06 21:00:01,18.393,23.355,55.282
2023-10-06 21:15:01,17.229,22.845,48.308
2023-10-06 21:30:01,17.330,23.074,58.502
2023-10-06 21:45:01,16.948,22.844,46.474
2023-10-06 22:00:02,17.139,23.082,52.443
2023-10-06 22:15:01,17.781,23.139,153.856
2023-10-06 22:30:01,20.366,22.083,38.528
2023-10-06 22:45:01,20.330,21.708,31.093
2023-10-06 23:00:02,20.368,21.698,33.451
2023-10-06 23:15:01,20.353,21.760,53.181
2023-10-06 23:30:01,20.286,21.566,34.838
2023-10-06 23:45:01,19.593,21.507,42.258
2023-10-07 00:00:01,20.289,21.461,37.312
2023-10-07 00:15:01,20.195,21.460,30.215
2023-10-07 00:30:02,20.176,21.496,32.802
2023-10-07 00:45:01,20.276,21.485,32.056
2023-10-07 01:00:01,20.253,21.521,29.623
2023-10-07 01:15:01,18.028,21.371,31.405
2023-10-07 01:30:02,20.221,21.297,30.522
2023-10-07 01:45:01,20.254,21.412,32.977
2023-10-07 02:00:01,17.630,21.313,28.476
2023-10-07 02:15:01,18.749,21.353,29.555
2023-10-07 02:30:01,20.267,21.308,38.933
2023-10-07 02:45:01,17.525,21.272,31.755
2023-10-07 03:00:02,20.249,21.321,29.118
2023-10-07 03:15:01,20.256,21.326,32.647
2023-10-07 03:30:01,20.312,21.388,29.773
2023-10-07 03:45:01,18.408,21.304,29.594
2023-10-07 04:00:02,19.858,21.278,29.963
2023-10-07 04:15:01,20.248,21.400,32.404
2023-10-07 04:30:01,20.245,21.350,35.409
2023-10-07 04:45:01,20.273,21.337,37.024
2023-10-07 05:00:02,20.165,21.316,30.030
2023-10-07 05:15:01,17.466,26.674,67.452
2023-10-07 05:30:01,18.911,21.335,28.969
2023-10-07 05:45:00,20.239,21.299,28.799
2023-10-07 06:00:01,18.143,21.405,30.635
2023-10-07 06:15:01,20.324,21.412,30.534
2023-10-07 06:30:02,17.261,21.630,38.980
2023-10-07 06:45:01,19.954,21.685,65.096
2023-10-07 07:00:01,20.252,21.533,33.694
2023-10-07 07:15:01,20.287,21.515,35.742
2023-10-07 07:30:01,16.108,21.850,72.858
2023-10-07 07:45:01,18.342,21.784,35.578
2023-10-07 08:00:02,20.315,21.824,55.241
2023-10-07 08:15:01,16.998,22.130,74.521
2023-10-07 08:30:01,17.797,21.730,35.056
2023-10-07 08:45:01,17.673,21.810,46.696
2023-10-07 09:00:01,19.251,22.106,39.330
2023-10-07 09:15:01,16.883,21.783,36.799
2023-10-07 09:30:02,16.500,21.804,35.225
2023-10-07 09:45:01,18.730,32.630,94.933
2023-10-07 10:00:01,20.282,21.993,60.318
2023-10-07 10:15:01,19.284,21.790,30.268
2023-10-07 10:30:01,20.288,21.720,38.228
2023-10-07 10:45:01,16.457,21.701,29.662
2023-10-07 11:00:01,20.294,21.864,40.835
2023-10-07 11:15:00,20.229,21.737,39.091
2023-10-07 11:30:01,20.318,21.954,46.805
2023-10-07 11:45:01,18.334,21.983,65.356
2023-10-07 12:00:02,17.737,21.992,73.424
2023-10-07 12:15:01,16.709,22.213,66.884
2023-10-07 12:30:01,16.521,22.104,32.982
2023-10-07 12:45:01,17.279,22.432,78.205
2023-10-07 13:00:01,18.132,21.707,35.760
2023-10-07 13:15:01,20.009,21.709,28.609
2023-10-07 13:30:02,19.483,22.826,37.212
2023-10-07 13:45:01,16.359,22.161,37.501
2023-10-07 14:00:01,20.227,22.122,36.225
2023-10-07 14:15:01,16.799,22.235,81.906
2023-10-07 14:30:01,17.965,21.817,67.311
2023-10-07 14:45:01,17.859,21.789,64.826
2023-10-07 15:00:02,16.859,21.998,73.263
2023-10-07 15:15:01,17.005,22.549,36.963
2023-10-07 15:30:01,20.234,22.233,39.090
2023-10-07 15:45:01,16.827,22.129,60.641
2023-10-07 16:00:02,16.921,21.913,47.653
2023-10-07 16:15:01,18.721,21.973,37.065
2023-10-07 16:30:01,17.929,22.011,44.880
2023-10-07 16:45:01,17.966,22.217,62.909
2023-10-07 17:00:02,20.325,21.973,63.400
2023-10-07 17:15:01,18.334,22.231,38.776
2023-10-07 17:30:01,16.742,22.288,43.115
2023-10-07 17:45:01,17.281,22.018,37.035
2023-10-07 18:00:01,18.801,21.778,42.030
2023-10-07 18:15:01,20.317,21.816,32.460
2023-10-07 18:30:01,17.012,21.687,31.616
2023-10-07 18:45:01,18.254,21.922,38.738
2023-10-07 19:00:01,17.603,21.874,48.281
2023-10-07 19:15:01,20.239,21.893,33.077
2023-10-07 19:30:01,20.305,21.965,36.216
2023-10-07 19:45:01,19.911,21.998,35.978
2023-10-07 20:00:01,17.353,21.959,42.733
2023-10-07 20:15:01,17.718,21.927,34.509
2023-10-07 20:30:01,20.035,21.988,41.545
2023-10-07 20:45:01,19.711,22.078,46.329
2023-10-07 21:00:01,20.205,22.299,58.256
2023-10-07 21:15:01,18.365,22.662,45.487
2023-10-07 21:30:02,18.043,22.117,43.123
2023-10-07 21:45:01,106.395,133.091,179.442
2023-10-07 22:00:01,20.556,24.511,56.989
2023-10-07 22:15:01,18.550,23.191,41.700
2023-10-07 22:30:01,18.713,22.957,42.743
2023-10-07 22:45:01,20.323,22.247,38.569
2023-10-07 23:00:01,20.338,24.278,73.268
2023-10-07 23:15:00,20.311,21.817,38.173
2023-10-07 23:30:01,19.513,22.099,37.434
2023-10-07 23:45:01,20.308,21.660,61.569
2023-10-08 00:00:02,20.267,21.544,35.655
2023-10-08 00:15:01,18.414,21.573,41.482
2023-10-08 00:30:01,20.114,21.617,42.926
2023-10-08 00:45:01,18.091,21.517,41.502
2023-10-08 01:00:02,20.243,21.439,31.592
2023-10-08 01:15:01,20.267,21.506,31.587
2023-10-08 01:30:01,18.702,21.528,29.363
2023-10-08 01:45:01,18.783,21.496,32.657
2023-10-08 02:00:01,20.138,21.602,41.279
2023-10-08 02:15:01,20.209,21.428,31.052
2023-10-08 02:30:02,18.708,21.442,32.856
2023-10-08 02:45:01,16.588,21.471,36.080
2023-10-08 03:00:01,18.579,21.504,30.667
2023-10-08 03:15:01,20.292,21.519,40.181
2023-10-08 03:30:01,20.279,21.333,28.461
2023-10-08 03:45:01,17.926,21.347,36.409
2023-10-08 04:00:02,19.280,21.346,36.303
2023-10-08 04:15:01,20.300,21.419,31.104
2023-10-08 04:30:01,19.277,21.398,35.518
2023-10-08 04:45:01,18.815,21.366,31.490
2023-10-08 05:00:01,20.242,21.442,29.625
2023-10-08 05:15:00,17.480,24.035,62.077
2023-10-08 05:30:01,20.198,21.381,35.137
2023-10-08 05:45:01,20.143,21.313,29.504
2023-10-08 06:00:02,19.464,21.487,92.819
2023-10-08 06:15:01,19.314,21.412,35.683
2023-10-08 06:30:01,17.010,21.359,29.053
2023-10-08 06:45:01,20.239,21.336,28.361
2023-10-08 07:00:02,19.288,21.531,35.736
2023-10-08 07:15:01,20.271,21.483,32.059
2023-10-08 07:30:01,16.781,21.908,37.109
2023-10-08 07:45:01,18.098,21.871,66.909
2023-10-08 08:00:01,18.456,21.917,37.205
2023-10-08 08:15:01,17.097,21.858,32.270
2023-10-08 08:30:02,17.904,21.739,36.061
2023-10-08 08:45:01,17.523,21.903,37.184
2023-10-08 09:00:01,19.408,23.081,105.289
2023-10-08 09:15:01,20.075,22.656,58.870
2023-10-08 09:30:01,18.678,22.265,78.291
2023-10-08 09:45:01,17.918,22.643,62.002
2023-10-08 10:00:02,17.485,22.364,39.195
2023-10-08 10:15:01,20.286,22.070,64.508
2023-10-08 10:30:01,17.584,22.347,36.898
2023-10-08 10:45:01,17.746,22.083,46.402
2023-10-08 11:00:01,18.431,23.083,36.970
2023-10-08 11:15:01,17.630,23.388,42.734
2023-10-08 11:30:01,17.424,23.733,77.787
2023-10-08 11:45:01,18.452,23.106,62.770
2023-10-08 12:00:01,17.587,23.058,38.024
2023-10-08 12:15:01,18.030,22.986,41.427
2023-10-08 12:30:02,19.329,22.978,38.850
2023-10-08 12:45:01,17.251,22.984,50.180
2023-10-08 13:00:01,17.915,23.923,71.368
2023-10-08 13:15:01,26.345,30.708,47.068
2023-10-08 13:30:02,21.145,23.161,38.963
2023-10-08 13:45:01,21.234,23.478,94.623
2023-10-08 14:00:01,19.553,23.192,61.359
2023-10-08 14:15:01,20.040,23.107,40.374
2023-10-08 14:30:01,17.980,22.939,45.052
2023-10-08 14:45:01,20.985,23.047,63.163
2023-10-08 15:00:01,18.967,22.975,35.956
2023-10-08 15:15:01,19.493,22.002,42.362
2023-10-08 15:30:01,21.322,23.011,41.404
2023-10-08 15:45:01,21.351,23.142,40.793
2023-10-08 16:00:01,21.260,23.154,36.570
2023-10-08 16:15:00,17.976,23.467,41.754
2023-10-08 16:30:01,16.763,22.422,38.119
2023-10-08 16:45:01,17.770,24.269,78.656
2023-10-08 17:00:01,18.609,24.076,147.635
2023-10-08 17:15:00,18.741,24.079,63.192
2023-10-08 17:30:01,17.292,23.172,61.414
2023-10-08 17:45:01,17.855,23.083,41.185
2023-10-08 18:00:01,21.308,23.023,59.381
2023-10-08 18:15:01,18.487,23.196,74.808
2023-10-08 18:30:01,19.962,22.941,39.703
2023-10-08 18:45:01,20.781,22.957,36.116
2023-10-08 19:00:02,19.676,23.162,48.623
2023-10-08 19:15:01,18.897,23.575,46.581
2023-10-08 19:30:01,18.677,23.112,49.272
2023-10-08 19:45:01,17.821,23.288,46.995
2023-10-08 20:00:01,18.534,24.366,142.875
2023-10-08 20:15:01,18.918,25.162,77.210
2023-10-08 20:30:02,19.364,23.673,69.913
2023-10-08 20:45:01,20.321,24.048,47.770
2023-10-08 21:00:01,20.296,23.487,46.619
2023-10-08 21:15:01,18.202,23.862,94.911
2023-10-08 21:30:02,18.012,23.439,41.869
2023-10-08 21:45:01,26.378,31.968,46.624
